,address,amount,decimals,owner,lamports,ownerProgram,type,rentEpoch,executable
0,3emsAVdmGKERbHjmGfQ6oZ1e35dkf5iYcS6U4CPKFVaa,3443824265371413,6,7VHUFJHWu2CuExkJcJrzhQPJ2oygupTWkL2A2For4BmE,849964858600,11111111111111111111111111111111,system_account,361,False
1,FzbcyEZ9m8xjtergWgWDq7mfPoHEbboBF791B6cTpzbq,220298148511247,6,5tzFkiKscXHK5ZXCGbXZxdw7gTjjD1mBwuoFbhUvuAi9,5838625316447997,11111111111111111111111111111111,system_account,361,False
2,FGETo8T8wMcN2wCjav8VK6eh3dLk63evNDPxzLSJra8B,101113183339219,6,9WzDXwBbmkg8ZTbNMqUxvQRAyrZzDsGYdLVL9zYtAWWM,7762840257258415,11111111111111111111111111111111,system_account,361,False
3,6R3LCPiPqxmKxA4MKFE4KD9YD2giXc5K7LWGALrGk9Y7,55901999500000,6,3GNUeQv2eNuKztuR7eWaRbZ8kVrkp5nPXc2vwzEBENuf,220059980000,11111111111111111111111111111111,system_account,361,False
4,DD7nZPcgbhfM7qMG33iuKJ3in8U3wbUzVnheB5ob27pf,48919259297333,6,FWznbcNXWQuHTawe9RxvQ2LdCENssh12dsznf4RiouN5,2536244718638845,11111111111111111111111111111111,system_account,361,False
5,9gD46MnYLpskDiRisMZGY958JHgMSxLUiT56r8vdNzb8,44096199147900,6,41zCUJsKk6cMB94DDtm99qWmyMZfp4GkAhhuz4xTwePu,3899787689880,11111111111111111111111111111111,system_account,361,False
6,7dQmths1cyCQ4xaC5KcVfXz4BvVWtnHc3hcgnfnE1PBx,41142546787134,6,H8sMJSCQxfKiFTCfDR3DUMLPwcRbM61LGFJ8N4dK3WjS,97783990459681,11111111111111111111111111111111,system_account,361,False
7,92oAd9cm4rV4K4Xx9HPRMoFn7GwMaKsjNSPe7QVxywcy,37811356528688,6,TamdAwg85s9aZ6mwSeAHoczzAV53rFokL5FVKzaF1Tb,3694000,5D9yi4BKrxF8h65NkVE1raCCWFKUs5ngub2ECxhvfaZe,unclassified,361,False
8,6h29sTzK4XsL4Gjo8uXLWXgKLNSXvnnax45RJ4NSCziP,28849009846460,6,5tgfd6XgwiXB9otEnzFpXK11m7Q7yZUaAJzWK4oT5UGF,4552389840,11111111111111111111111111111111,system_account,361,False
9,BXDAfRM8KY5KeaHG4zLxhczwGXdj2vFBJJdeaTPwcveg,25852920010873,6,FRnCC8dBCcRabRv8xNbR5WHiGPGxdphjiRhE2qJZvwpm,4517158061087,11111111111111111111111111111111,system_account,361,False
10,9KaA7vEBUdRCcBWxfuMjxYwKfvu8Us3Cg5gkhVFt2LNk,21874707514794,6,2ojv9BAiHUrvsm9gxDe7fJSzbNZSJcxZvf8dqmWGHG8S,400087076655818,11111111111111111111111111111111,system_account,361,False
11,FVXysQd8gPdfiwrhuhNMUPRcXre8NoAVWZfNerZKJ74G,18500000000000,6,DLWPRzPY2bRu97y2BSbh8WehQMcs5knLnuJ8cdYYCRYp,12492182321000,11111111111111111111111111111111,system_account,361,False
12,DzHkPPfGbg6xmvvmEmx1toxKD91ZzWfNJU2hvP5eVMmT,16465075953294,6,BmFdpraQhkiDQE6SnfG5omcA1VwzqfXrwtNYBwWTymy6,321093706095673,11111111111111111111111111111111,system_account,361,False
13,5Ai4BHfcpPMrgjBvmhycaLWNahfWQHgbTtbB4paTsHER,16325081358680,6,Fcrq7V5QF2zNPfTcjx6C8ooNGmhBCWqHoV8JT7rbbVMW,1662560,GMpXgTSJt2nJ7zjD1RwbT2QyPhKqD2MjAZuEaLsfPYLF,unclassified,361,False
14,9en2QCzV4B6P9vwMkjEk11iMzW1dCrYdCpev2dXemHjq,16053581192808,6,CzZySsi1dRHMitTtNe2P12w3ja2XmfcGgqJBS8ytBhhY,1642560,GovER5Lthms3bLBqWub97yVrMmEogzX7xNjdXpPPCVZw,unclassified,361,False
15,ELeT9DQnUdzqA4J55BHaJMyU9uwA4RfCtxBPhnByFhzB,13239506410000,6,9GnF7j52tahBNmWFvZiiyrb2tQPwywDZYrh2Rf5T6DsY,149940000,11111111111111111111111111111111,system_account,361,False
16,8SheGtsopRUDzdiD6v6BR9a6bqZ9QwywYQY99Fp5meNf,12529791670681,6,DdZR6zRFiUt4S5mg7AV1uKB2z1f1WzcNYCaTEEWPAuby,120000000,11111111111111111111111111111111,system_account,361,False
17,J5VDogNh353GcXCRJyYS3yDmrckbS3bPWtrEjQUsNNJM,12511642907326,6,DZixgqX9co8mWmL8s3pRQNe92zkceibyWmmj3GNCv2FQ,2935160,11111111111111111111111111111111,system_account,0,False
18,8TEK5K7YcevpXfi3kjXosfXj9W7Lfq7nULn9fbJJXthD,12266489497325,6,7DnqWV1732auGkzfKgNxzcEHJfapX2GbwZ1w3aqoAN4z,1252228256,11111111111111111111111111111111,system_account,361,False
19,9DG795GEYQ7byWz9HAbWkw7Q7W39P3hS614VDRobiAHh,11713119747105,6,9SAveSCmGTVR9csAjK45keGitb1kdsC22Pb1AFdoUcSD,1662560,GovER5Lthms3bLBqWub97yVrMmEogzX7xNjdXpPPCVZw,unclassified,361,False
20,5SvWZ7EDAhFQwJoJ5iftNF9C2CHpA6DChyZzAnmLupeQ,10252924107681,6,2AQdpHJ2JpcEgPiATUXjQxA8QmafFegfQwSLWSprPicm,953994495709139,11111111111111111111111111111111,system_account,361,False
21,8EHgWLEj9TPiD631n3cq9zmGzMCq3nDJesYTKRH2WAeq,9437698003992,6,FBUKfg7Thx4WDM4ATehJe1xWzuGtMk1myXhRSvuSq19h,23003655287210,11111111111111111111111111111111,system_account,361,False
22,EH1bTaKWkQ3QpK2Notd7eKesT61eGrhehu97XY4oUSng,7544294558605,6,om7J5tK6zMrUAidWqdqQ6BgNQUCPESKeUoiy5M2XeM7,427960840,11111111111111111111111111111111,system_account,361,False
23,CzztF4jyKfRQU6J4eCXhZEpMsg6iZAKtQjgQEoKrKNvZ,7293415532185,6,7M6TSEkRiXiYmpRCcCDSdJGTGxAPem2HBqjW4gLQ2KoE,3162034640,GovER5Lthms3bLBqWub97yVrMmEogzX7xNjdXpPPCVZw,unclassified,361,False
24,5u8sHSgxACrwADb2RqxB1g45vmwan4n2vfbXzTa7TGDw,7185833901940,6,FrrrZWDn7pCMiGoh35PVZbP8uV2n5nFFJx3uFuyKty2R,7195312969504,11111111111111111111111111111111,system_account,361,False
25,9XzoWCQSrVEUxdDRpbNdiZoKLVBmbwMGKeqTgmmeHVu4,6045381753256,6,E3CdwVFBNnLVUfCAgYc69KhT3p33NnJpqJRpNW3zHNmd,9987345769,11111111111111111111111111111111,system_account,361,False
26,CCrumvs8dJmuLQPKjpTDXUvT7Cr4WKVnAVRfbu2vZX9a,6000000000000,6,FFEcZMJbvicrEFzkpYnyDFxaK3rekZhF2XSCXs6uWnEQ,12039280,TokenkegQfeZyiNwAJbNbGKPFXCWuBvf9Ss623VQ5DA,token_account,361,False
27,975zSZd8EYLq242h4AnMryDcUSWWYt2KvnJyDjSm941w,5983693594964,6,GgYtnDJMHQG4gpVzy2KHukSvHfFJcs1jLXASsBCQE83P,415222014142,11111111111111111111111111111111,system_account,361,False
28,cPMwaM3fedMuvJHpXtF8v5re6UZkSZ6wo1JUYMFj33r,5832056648593,6,FBUKfg7Thx4WDM4ATehJe1xWzuGtMk1myXhRSvuSq19h,23003655287210,11111111111111111111111111111111,system_account,361,False
29,Ebok1YmRyTqUhTGbKkrtVJepewKZsbcmJvTyPXUyhzYs,5500838550018,6,6HFxHT4tFVB19weeMGYQrepa51rzxjydkhWAaomsf6g4,9585565013,11111111111111111111111111111111,system_account,361,False
30,HRtXxAeBPBefM1uuFY2DJREn8BokUHDqTP8F16oRxv2J,4999985900000,6,4kWwg9hQri1aFVqjxayDVmjmYtjXjrf1h5TpfvvAk5Sm,1000000000,11111111111111111111111111111111,system_account,361,False
31,G9c6FjfxoaE6o7uQtkrmc1WLp5pWavaNGJf3sbM8D9mt,4862257695394,6,8ZuvJBf3xZyPszjZA9DvZRGY2bLUHDLgKBE5Qkc2fMbV,991607880,11111111111111111111111111111111,system_account,361,False
32,4cdtFDT3PhC27ZiHUZq7KsR9ZCGurP3G4bfuGNRwCsbe,4499999950000,6,GAhuwGYyZcz8w5F1NHfvG4gWC1tH79JTpTzYBi327DVk,995896440,11111111111111111111111111111111,system_account,0,False
33,BryYsRQXxgrDuMLpi7PVS77fGMX6KZqWv6ugZfm6C5Pa,4252463725962,6,2MPnpDGzuEus7WK8jJB8U31Gj7RFR9iPqzTQZwTVvVue,1047263232,11111111111111111111111111111111,system_account,361,False
34,Ed58NP2FWVaKDSKyLbR9UNLk99bYQ93L8BrHTSpCbHtV,4171422112498,6,6Fx9qMSmnpDC9TRHcWVMGW7sRUbumBcXQ7VCewBjqZ6G,8991752880,11111111111111111111111111111111,system_account,361,False
35,2rKToPz2FQHMNGtoPkR4pQex4CfaegU16qYDjPNoQu1x,4001161374730,6,Hc6Q6kvXphCtbni4vnK1yEfSjjbbeEdN8BXBhfMbyAhs,500060000,11111111111111111111111111111111,system_account,361,False
36,5EdnHn9dovrinrbC8X9A91jXh9GNBrLyPoZJM8QnxxEz,3996667075560,6,GtxgnRiSfBzahR9xb7hvYbWq3Uzez7hpCz2BJbCLxKdq,80430360000,11111111111111111111111111111111,system_account,361,False
37,8LrqyZvCsyBVFXDU9YbVAj6ukJ9tSKeXTmXNHWfZkGRF,3977563253075,6,3KNZ9i1dLNNqpBTKEkTgUQs6TNCd3bzuy6HwfoXACaRs,48978453564517,11111111111111111111111111111111,system_account,361,False
38,APBH71knizgDfsY3kYkv9PDhTizaJXywC1XNNRLwdKHQ,3891898620779,6,tzvXws1qhmfdPkPcprezULCDQPAJqzPhbZ3SMrqRPNE,457100120,11111111111111111111111111111111,system_account,361,False
39,8hx6hzKpDbBzM8gGend78uLvT2CDFboDJZwisHRBqUSN,3791618774496,6,GXbJWY8H5YwvhrRYZvSWUAcGMGjR7ygUkQNwZxefgzdm,27120482019,11111111111111111111111111111111,system_account,361,False
40,HLmqeL62xR1QoZ1HKKbXRrdN1p3phKpxRMb2VVopvBBz,3764581791750,6,5Q544fKrFoe6tsEbD7S8EmxGTJYAKtTVhAW5Q5pge4j1,63947944,11111111111111111111111111111111,system_account,361,False
41,CZGghbAQ24uX83VUwTqkJT9JTntbsEJRyPgekpN42Ah4,3489990350204,6,Bgv3fqZKSZRjbTZKvm4whJbYcqGU3DoeQgppQA2BXBJ4,500000000,11111111111111111111111111111111,system_account,361,False
42,BZnbRdHYEt86272gWwbBtHvGf7QEWnmXbrxuGPJ8m47Z,3455967888637,6,ANzzmBv1sRsdMBq9vWbcbrpvuKNFdrsS9kd5ieb9cgPa,493935825,11111111111111111111111111111111,system_account,361,False
43,QrSrghAwrP7MEi5h3Q4mtVou3TWjy2415F6NDSRAYqG,3058073138296,6,EmhH92KmdXmFEHE4AWZgwbigb4pFnbvB9cc2EFo9cB1g,14190993862160,11111111111111111111111111111111,system_account,361,False
44,2MVLrmYD8jhHiQg4JSbYz9vMUQyauSDfyQQKsuPcZtbn,3017144731387,6,6Hxv7SbMWHB1DdKAkfj1TAWSRDm1hbE8uCgEcS3RY9BV,1104950187,11111111111111111111111111111111,system_account,361,False
45,G2uq1PMsffsUV7wQLbF7fT5u5XDwoRvKp7RjvBCNNUex,3000000000000,6,4dDRhZeGFcYB7YvFxby4HyVG48vgBDyKAp8BCMHYVsq4,5091932760,11111111111111111111111111111111,system_account,361,False
46,FgBUwD9nqVC5qXyhrXHYKtEAVGi8p2c6N4y7WoVVd8yc,2965992454202,6,BShka7TFoFpVmQuT6AFEJ26h5GkRtkPeLJnBPj1gKum,499980000,11111111111111111111111111111111,system_account,361,False
47,GU1sWGJjkMQKZE1cYCeqvQ3jMEN7unqczHzyk7XBE8He,2950008750000,6,779i3976Wh6d5NV3a3Ggit8vHCaJnTLywKN33RFCdF3T,397950720,11111111111111111111111111111111,system_account,0,False
48,gayHD8rguEPacmkxoDzcvNH53a6GNeharTukTZNQYCK,2850900348197,6,A7jn1BA6LPHX8Wcmc8t476gjoLCG4PZakww19ZXfFRjX,1662560,CePQfuUBaStwvzKh55uaENCMbaHkfTQ33xk27gBMV2xs,unclassified,361,False
49,2nHRAuvZKY4qP3UjMj1HQ5TgJ4bbWoet1wDyjFhhp8Kt,2841337849845,6,9m2tTi5kvBCktgT2XcjE8abDWBhvWV7TDjYEvq6q61MM,152824418,11111111111111111111111111111111,system_account,361,False
50,4u6BmmG2wz6dFgUfmCEGmpy1ggTomBQrNc44iEZgoD8B,2800000010000,6,84HuMpN8JPy9DLerT5nRcEHjkb1UQS3TD4CvR9y8MqgD,9995000,11111111111111111111111111111111,system_account,361,False
51,7fqmv9XS7FoUmWXTxRinag5afW83VKqU6fGfvinessvn,2689275561535,6,H9XuKqszWYirDmXDQ12TZXGtxqUYYn4oi7FKzAm7RHGc,20319072290,11111111111111111111111111111111,system_account,361,False
52,9dL4marW6b1KaaYKrUspJZhHYEg7UdwkLgGdRLcDwr6Y,2538591041957,6,8JcJWVhBbPUxNXFW5WBRGPEisVeJTE8k9puxoQnj3SF5,64187850720,11111111111111111111111111111111,system_account,361,False
53,Dh1Kjq5TABwqYf2n1qFjopkpTzwVS8VbzsfokxPa996W,2537502065912,6,w9Arg43wCjdG6yDAJpX37euCSxyvWYBtBaJ4BoHN3c9,1000000,11111111111111111111111111111111,system_account,361,False
54,57BhnrBW2EJvgzAxhLEc5iHEABTHs86LXtdR7dqyDneT,2534752059304,6,CN48gJiH7P6Z2kMaWH6BpKpxC1YhkVSbdv6RsoGEVWfK,961458587,11111111111111111111111111111111,system_account,361,False
55,2c9x2g7VUwCd9ppHDV6LxJ1YDb1799MXwvp9SKJe8YXm,2428692453535,6,Hy4ZsZkVa1ZTVa2ghkKY3TsThYEK9MgaL8VPF569jsHP,27360960,m3roABq4Ta3sGyFRLdY4LH1KN16zBtg586gJ3UxoBzb,unclassified,361,False
56,JWpHdVqB1o4jGR9ZparKBK7u2JVqN4CDMJSLiUN3Huc,2408004200000,6,GRPhCfd4fyndMctbhAqSWLHCYaoV3j2bJF6c5nVLTvMk,1662560,GmtpXy362L8cZfkRmTZMYunWVe8TyRjX5B7sodPZ63LJ,unclassified,361,False
57,CzuipkNnvG4JaTQPjgAseWLNhLZFYxMcYpd2G8hDLHco,2379052804380,6,6c33US7ErPmLXZog9SyChQUYUrrJY51k4GmzdhrbhNnD,407440199935,11111111111111111111111111111111,system_account,361,False
58,SFT15R1SULgC1j6ukt91S7kNMR9tDWhKm4vWPay6TRW,2367500000000,6,3cQzea17cp1E3s9NYpJhZt7XsSstscosF5eDW2w6pSqy,996036440,11111111111111111111111111111111,system_account,361,False
59,DLyvkAoixFXZoapfxXBNyhQL7h9NZxu8UhSDhNYbfwTC,2354819727897,6,FZa6wwfarkexeGkBTe647Rp3xTjcea8AJk6XUM5osqit,80000000,11111111111111111111111111111111,system_account,361,False
60,Ebe9AM7Bzwy4Ew8H1dsBU15jsxJGahe6xGffxbeFDqfD,2348251128418,6,3uTzTX5GBSfbW7eM9R9k95H7Txe32Qw3Z25MtyD2dzwC,4591952240,HvwYjjzPbXWpykgVZhqvvfeeaSraQVnTiQibofaFw9M7,unclassified,361,False
61,9XhJANMN4r23xY5PZ7rjpR1CXfiKBm7hZPNqruCDNU3h,2336610875448,6,Htp9MGP8Tig923ZFY7Qf2zzbMUmYneFRAhSp7vSg4wxV,25408944791798,11111111111111111111111111111111,system_account,361,False
62,66SER4GbEDDXFb9bbGnxJo746cZCZsTPTgPR3EkGjpSX,2255000000003,6,8CuP4oMQsaoqMtCpzWGtXjQD4KrTJXn6vrfQf3vQQ1vm,595886440,11111111111111111111111111111111,system_account,0,False
63,Bq5hJDQqJEifinHeiKhZnh4b7j8PbmTKDfJqUman1V5X,2200201490000,6,3xnZ6LBZv7aYortFFqb6roNhBBEaaKkvKKL1pCVLP5EZ,12708400,11111111111111111111111111111111,system_account,361,False
64,7EY4cYefoDkXVcoQGd2F6eEoetFkCgChvEHVwXS4VETf,2191791521607,6,5pjDD7PXyKixn31WoEoEbVR6RkFkj4peyLGGPEDnZ6pg,10055000,11111111111111111111111111111111,system_account,361,False
65,8BYdBGDqVkHnRCQpwBcVrSbUTYjn7spo8JqFtzXGRy1n,2117938209056,6,9uyDy9VDBw4K7xoSkhmCAm8NAFCwu4pkF6JeHUCtVKcX,68815703692061,11111111111111111111111111111111,system_account,0,False
66,4fxmqqDq1oYbTCX1VjK2J49VtGwkdBXhCmXxo7bjFGaK,2115000000000,6,FGFT5Gf99cNDroRTkWH9cNeyfoPTsyGQnB5auTnB9h7q,197990720,11111111111111111111111111111111,system_account,361,False
67,9umaRH82Q8exP5iaHxd2Y1DZgHGUtVnajfavHVbk8E4w,2101638980000,6,4vtXDvu7msdA8wUaZweXCPXSEiPG99xixmtAqvy1Nwo,1864097950720,11111111111111111111111111111111,system_account,0,False
68,C2QoQ111jGHEy5918XkNXQro7gGwC9PKLXd1LqBiYNwA,2086458898865,6,3ESUFCnRNgZ7Mn2mPPUMmXYaKU8jpnV9VtA17M7t2mHQ,72161280,24Uqj9JCLxUeoC3hGfh5W3s9FM9uCHDS2SG3LYwBpyTi,unclassified,361,False
69,Fs2nnXWACLP8iJzufAKdGyqKRKnvMBTQ9LuAamVmmHRJ,2048370170952,6,9oRtAojR9FKq6SkENyE1xCohAk2VsYtoS7TchjpmxkhU,32446934366427,11111111111111111111111111111111,system_account,361,False
70,GudcfPCybiYaRJ4NdRvaRQNA5ie5uiyL64uUhoh2eAik,2036576882266,6,8TyzKGjP8MDWv5XTyAwH65zRAKuz9Rtq27jqE2QSwxSe,1785026760,11111111111111111111111111111111,system_account,361,False
71,4z9rT7yrbDwXR9BLTKLbJ74pM52c5xka8NbNHMY2b2U,2000000000000,6,Ac4DHCu6DHYUajvCcxyFmktCEgW59wt1KVYxmqUY823D,197030720,11111111111111111111111111111111,system_account,361,False
72,DGXz1Z5oqK1gZx24p2DUQeMA62vLe9o19TkqjXJQGiB6,2000000000000,6,J7f6zM8ydXCgnvDgYUrWvCknU3qZYXtQ9S5nzZbVZESz,400000000,11111111111111111111111111111111,system_account,0,False
73,2MeVHPfbJfYuXvZzRsD6zZfYN23gET1f3yStQLPVx9Mq,1910342137278,6,ECrJ9os19BgUpmVkQh3jL7AdRH14DYfsqwMjxQckuAnH,59445104164930,11111111111111111111111111111111,system_account,0,False
74,DJtV9DT5qZX7fM2e9cFmUkK9KsvJ3SqGZWTV1gHD3n1M,1908605319258,6,H2ifRNdqhKSbKUQ9nanbYPzbipmRBhZzEXRZx1soCN2m,4000000,11111111111111111111111111111111,system_account,361,False
75,7aUTpYbA4cNGAAKSZNocd5yaFUJvfMMVdjuBzxmkKmco,1888995501619,6,51HpTxzERCvW7EPeWffDpdK5EkRD2yMyF4UKc81vMSYY,12820629640,11111111111111111111111111111111,system_account,361,False
76,B9gmSZzEBvJWizgVzxMsSuLtTU39XNGzyExEspPnTSWJ,1863618948477,6,45j5dXAE2Sx7AUa9yYsXd2uXxQmLakbRjSVXQqQ4hM4o,501002297881,11111111111111111111111111111111,system_account,361,False
77,ka3KohnXoSAE8txhQH9rZu5GQziRgtV9m9wxiBzAcoY,1848389484170,6,ZJxt8qts2oSAbWis7zB21Zoe5dT21CVeLSQRhwMALNm,2006676865,11111111111111111111111111111111,system_account,361,False
78,9C4o5US5dLeTNJBgxr1kLNNJCBVEyMSuPvWRfWwRPXnW,1841845632059,6,A77HErqtfN1hLLpvZ9pCtu66FEtM8BveoaKbbMoZ4RiR,17333198392679,11111111111111111111111111111111,system_account,361,False
79,GP4WB2kqbr84kFnrBiYdL6yvnA48KdArXPJDcVUSG5o3,1825204209985,6,G65YTod2fyHcXe5VVp3zEb5DuM8reRGPqG7y1jkuwjFy,1000000,11111111111111111111111111111111,system_account,361,False
80,BCMhYfzTTzzPyfHmhHFVNrHGwabqD9h9ere9EkezwkaB,1804782414419,6,AB8dzFZn4friVP5fHyAW7nUv82gFEwodgpZaBcuRaBW3,2009165760,11111111111111111111111111111111,system_account,361,False
81,2xRk1iuACSENmZy5GGF5LUFmMhChWRrH9tP5dHcpa15e,1779225015242,6,CrFs1vtZ2gAtVsXLUEoesLPruLkpkhNRxSLKNTYfdzuC,4072641945575,11111111111111111111111111111111,system_account,361,False
82,7SDG34FsQB4BunHa6i4QkrYdf45EJXG168nocZLpnMMk,1778328668371,6,CkzYxzyVRyHjJ8ZGr6VJhmPZwyFf4BMzUZWwGpxBYknc,4784948146824,11111111111111111111111111111111,system_account,361,False
83,btetJ8RQZ448nKtc7mNWGvZQAUXTJpWuZDo5h9qLr3Z,1750010000000,6,HJEXUEyvgYuwm8rBoLPc7ZdVty8aPqo7MUw9cK4v6afi,99995000,11111111111111111111111111111111,system_account,361,False
84,9YZZU5Bfvb9RBgsc8r95fyUZiQvJFHaZtnfDBKuSvo1s,1687738060000,6,5qkkfSDCxtLj9CXwukQ2ma46GeohCLDanv1vcjaMR1hs,909830720,11111111111111111111111111111111,system_account,361,False
85,4UFbqrfycMMzggCBmrwjyQV7s86411pvSSS7Vmge7JJp,1676696114574,6,Cii4Vsoj9ngV9fEaeMavoJygoJCn4MfERpNrugYWkQek,4929035449600,11111111111111111111111111111111,system_account,361,False
86,B4VHnbHJcvnZGSZWx94H16kpoPhhsLNasue7Cq62rW38,1661972003905,6,FCgqNdJcyaXMEi8LZXBD3WWTP5RfwfFjxJsWEeiHW9EP,7800009995000,11111111111111111111111111111111,system_account,361,False
87,5k5CGT4PCL7m6ajw7Sxr1Xdwb7XmpLRtiRyQMoCiH2vA,1651987452129,6,AXXy1euNV4tJf6zu5JRyPczgugDoKvaWBtc7nGqNfpmX,70132776038,11111111111111111111111111111111,system_account,361,False
88,3FLVin3d1Q4dd14SYm5vXQbgqXyLM5XZpX3P2oKXHmJH,1650000000000,6,EFFFUmZvArsyLp9xQTGVKvbiNUM7NE3kyS92ASi4a34Q,1000000000,11111111111111111111111111111111,system_account,361,False
89,EYwDHgoKW7Atbit48qP297EVh1CzBFsBP8hdnpuQH5rr,1645230228741,6,Ag8PJ1taVaTSzb9e6JN9hKhiTWkQQdfKbVkNzeU4nXp2,380272400,11111111111111111111111111111111,system_account,361,False
90,59tTD4Mun4QCjkkFr4uFLm3cTLfXvBrLSGsgj2e2SmVu,1642203130763,6,BgYkB2hsGG3YSEVc7QsKLjK3ZFgZ69MDvje5zvTWDfnH,1530650312,11111111111111111111111111111111,system_account,361,False
91,EuiAEUvspwzFG1V4PKSKQsNUB36ktAZPgMcHgioKmhEf,1592331009712,6,Bxpi8Gf45SQKV6q81fL6GUC35ABYKwcGvFADE28BV2EL,1292765089839,11111111111111111111111111111111,system_account,361,False
92,5hauwsm9ZRZxfiJou77s34S6czWeDYipQNusN3YHMPnx,1563029679550,6,D9rAsgsFkR3qwzEGWoEQENn6Cjz3LoySQMiNPgAmy6or,475811440,11111111111111111111111111111111,system_account,361,False
93,3xi3bmLAwZeKqGZrkVsnEsWs8PiLv5R2fy9jifDbqR2K,1559894385836,6,6XmWhkYj5KnsALbGnvK6rWhCbM9P2beFLxGwA8mxRmGK,20001000000,11111111111111111111111111111111,system_account,361,False
94,7cvejpomV91gFf74XHY45uQRdf7JxWH2d7vkieEJgXFH,1525725120806,6,w1EHQzHjqrFpZGMEZHcEr8dRcb3wBsxWFT5kSpUCcUg,23494312427080,11111111111111111111111111111111,system_account,361,False
95,91DcX22Kxq3ZCqV3mFn5gknaGLQTgXFNWgE8U3yCr5TK,1519851286091,6,FUaWKU9i8k3uj2Xz69fLqr6VLhscQuFfCT4u3jRYsJCp,11530751407,11111111111111111111111111111111,system_account,361,False
96,5PXmM7aEDuRQysA2LqZHgkTUUANgh4627PbNaQvPAtoz,1507746700191,6,FH3YTXKoDL4acibXCmWn1d5jViPa8iW8SQiZVpmf1we3,61000000,11111111111111111111111111111111,system_account,361,False
97,oYd2X4zg8N4KTHiThqywgquhj9PhQ2dbLoSdyNn82GJ,1507329201366,6,AHcFLPeD964ucZ4F4b3ikPNHDPp8kz1ZmW7nid7r1hBQ,10068682598319,11111111111111111111111111111111,system_account,361,False
98,Eqrhxd7bDUCH3MepKmdVkgwazXRzY6iHhEoBpY7yAohk,1501859908341,6,5Q544fKrFoe6tsEbD7S8EmxGTJYAKtTVhAW5Q5pge4j1,63947944,11111111111111111111111111111111,system_account,361,False
99,5yMFR4QedJDjzXzN7q9AZ6JHsn5p7V9TE6XD7iagG8TX,1500000000000,6,Fu7Ar8fhbyU8LtNabpv8sDKJMGVTYMi8Y1KATnbShsZ4,5250000000,11111111111111111111111111111111,system_account,0,False
100,6XjKHquSK1iYzSNXK4AnuzZfY4LDxh91FxmjSpYUKGby,1499998010000,6,DgxwqbUro47cYG4WbJU4DorPjutbe3fVBRtbJZKTNDz9,10015000,11111111111111111111111111111111,system_account,361,False
101,ytd2PVBSSjQVdrt1QNjbvy1A37oGquhP3a93MjQshLa,1482023064823,6,78MwfLucfPXmTLe1vVE2VduMJNgyhE34WYzECtuSgEMr,2885640040,11111111111111111111111111111111,system_account,361,False
102,ERjFBQiZGdMJ37BezXr5Mt5d2CZfUPKeHkCz6RRapXQN,1458837501225,6,HEY64fu5RKybmKx2igjoimmevbejHPwBDtdpD4F3hrDb,5975818880,11111111111111111111111111111111,system_account,361,False
103,FZc7PWaq4NbYXif3wrHdWDQs8qr4THPu5yTF5JwCRQTf,1440444010000,6,3EVyiA1aiLY3mwJfuaAFbbNw7yuBR1FydxrFhXaC2K3L,9995000,11111111111111111111111111111111,system_account,361,False
104,7n6tCH5pGJS8xVdWs3wjZZprHTrmDT2y5vnhCXY3irig,1430669379155,6,Cj9Asoa9k2RzkvP2WHWWzoGHp4qokHMHnQUaAN8jfSx9,1335120,11111111111111111111111111111111,system_account,361,False
105,2g4nVKF62mxSffA4o54Guo2fpBXu9qitMfvQg16kjpBh,1422307563620,6,2jAQfKFsEXi1XFW63NkeZmGV3ZwZQoQvHbkvZKn68TS1,27467864110,11111111111111111111111111111111,system_account,361,False
106,2aY6QTab8GfkjEU8f7jxxdeXbgKhqRK65Q3kJvLZiQTf,1415320632031,6,BVoVZpgquDfXieM43RBgtC32SjCGnxbWbWiunVjebx2S,889132534138,11111111111111111111111111111111,system_account,361,False
107,Gh2YaVC1sjzZQMixnHNXDin6awBAV6p2D5zY8STMu4p4,1397982352723,6,5Q544fKrFoe6tsEbD7S8EmxGTJYAKtTVhAW5Q5pge4j1,63947944,11111111111111111111111111111111,system_account,361,False
108,77XHXCWYQ76E9Q3uCuz1geTaxsqJZf9RfX5ZY7yyLDYt,1374911670041,6,AnKLLfpMcceM6YXtJ9nGxYekVXqfWy8WNsMZXoQTCVQk,1704320,DecZY86MU5Gj7kppfUCEmd4LbXXuyZH1yHaP2NTqdiZB,unclassified,361,False
109,8kwy9X8GpvE4DPdHDSyftzWw1y46jkGTBcMcCPze2kjD,1307785682241,6,HcPP2H6G73RcQmxfyJ73ABGwT7RK1tfs67jhg8uT1btU,377282024361,11111111111111111111111111111111,system_account,361,False
110,GZiJEop7SNozp96gDgyLKwYrvuBd3zBbWxvKTqQ3ydpf,1305411390613,6,2JV8tqtgwwLA85X6xbUgDbqT6jXAqAWCK3h56HFvzbWk,2039280,11111111111111111111111111111111,system_account,361,False
111,HEnTiq7EcYagc1Qj25mt175KDqbQpLi1GoNjRjn4Vaii,1261767660680,6,DdHDoz94o2WJmD9myRobHCwtx1bESpHTd4SSPe6VEZaz,47092844089044,11111111111111111111111111111111,system_account,361,False
112,8vPGw7d6a4rmejVg2uXMs8kvEnVy7WgN1oNk9mRpdfGP,1260025716215,6,71hhezkHQ2dhmPySsHVCCkLggfWzPFEBdfEjbn4NCXMG,208531865065,11111111111111111111111111111111,system_account,361,False
113,AQB19MQNtJajGAHddxntjqyvV88jt6fGpHwfGuX5EEYe,1255807877492,6,2F3a7JtqBzUcrjVno9RtEEwR99tR5vweEsyTzVJ6JUZk,2039280,11111111111111111111111111111111,system_account,361,False
114,9FqsbTncnfV3YRT1BYMB5gLdfvszHox9feXBuQd2WS4Q,1250000000000,6,94UgJVg7w9GhFDvJfk4LUwK5LC3LYCyTFu5ewQURHMYR,988000720,11111111111111111111111111111111,system_account,361,False
115,75HgnSvXbWKZBpZHveX68ZzAhDqMzNDS29X6BGLtxMo1,1238644051739,6,JU8kmKzDHF9sXWsnoznaFDFezLsE5uomX2JkRMbmsQP,2074280,11111111111111111111111111111111,system_account,361,False
116,BH2LFa14sewkLy1fSCrLA3wHCVrugvDegmgup4gUTPkL,1214059112389,6,DicoD5Nx3csciN3LNhEnhrgUbUBiKwEsuaUbnAaYky75,11731776634,11111111111111111111111111111111,system_account,361,False
117,68CpJumuvbij41kSjnaKcMpTpRsYDAFcKT9KHcm479No,1170551000000,6,4ABc2ZK4Yvq6pVoxwXMmrxXER25cFzM6CXikR2sBF5YF,603580718,11111111111111111111111111111111,system_account,361,False
118,4GdzHscRFZduiMpudQwNBhokcgC7RU4PWGsJ1cG3fQse,1144890728888,6,A5QxugFH3noahNvYfrF6d2yxdLb5hjHkdvYZTMpk34Gd,171223840,11111111111111111111111111111111,system_account,361,False
119,6LjDEKsR6gF7DvSq2XWkqG1BRx6qykxskdwwXHtLdKh1,1123640658908,6,ARPqNbZsSEhzYUoHnbsYFFsXH2uLiP8hpZBPimfsrr27,5045901440,11111111111111111111111111111111,system_account,361,False
120,FcG8WYNNUS7EyhLZmnfRmK6vMtGqYXbWDo3QKBdmXSpS,1107393427368,6,5Q544fKrFoe6tsEbD7S8EmxGTJYAKtTVhAW5Q5pge4j1,63947944,11111111111111111111111111111111,system_account,361,False
121,5437vKVFhQp2ZQhs1o8wdNZ2hgzNLfEwWCu91UVe1cBX,1093957117076,6,5P8QZdPo2pipnpPQ6njUqjLH9kRnRgweDJptdDTu9iZT,12337587687,11111111111111111111111111111111,system_account,361,False
122,4QRTWt6eaJo8oPHmSsqUMMNPZYir4Eqdk9E2MrY8c5vB,1087980337500,6,2Z1aHAUqnfEVv4LuuujvSJoFVWLmTqsD9UnK5Ur43VJj,6039280,11111111111111111111111111111111,system_account,361,False
123,GE89btKUaceZW84quFzighUGQrE9TW3GTvxueWqfTxZc,1081243183547,6,GUnrDsgPtDPKM4HDXQpXJk8DmqkWHsKgsgRFTVq7TVfP,993837160,11111111111111111111111111111111,system_account,361,False
124,J2m2c1w2R4e3tfExMcAx4zF4WUgKLcfUt9bq4gXPW7Q7,1071388061729,6,F5Jwa9T86wh2rXRWGyV1cZ4mKijaBHTmLJWEi5kTVVkk,51966440,11111111111111111111111111111111,system_account,361,False
125,E4pzDazDUDKB7FdieTs9Ntd9XFzVvVJN6LFtuaTqRDK9,1068105790794,6,81jnRTGJNkwaj9PZtNGGe3gx3vyArALf8ZPv6UxHdWwY,263396720,11111111111111111111111111111111,system_account,361,False
126,F3LiWffWBTMufheX9WM21VgJq3wD13hYCdw4yVeHfsKD,1042032629332,6,GSHfodDmaFmanaZqRrxwB5d91z93BeQ6gHnNoq3Q1HaB,2088070899,11111111111111111111111111111111,system_account,361,False
127,2nQE7s7B58SVKEgAvr1FBaiPvwZnD3DrtnDrDNbPZcVW,1018157012356,6,7s3fHFbz14P5CJsC2rkVwimbfWrvv41qmq25nhVtruFJ,85951944800,11111111111111111111111111111111,system_account,361,False
128,7GKHWVvb5fdYDPAScMrMn2ZjphhEw3ohrBPuqMYvtZJr,1012496768847,6,8LX14tmFNWGmt6b67DGv1qT5rdGfqHiBD9uLwV5Rs8tr,908070036521,11111111111111111111111111111111,system_account,361,False
129,3HzbVYHhhcjSUhjSeRq4snjJrdATcBFJ3L8zHqhS7Rj7,1010661895848,6,7UQ4PHQC5opWvBe8H9DH9t8WeDqiArgJMYmnJnwAoSbi,392322212,11111111111111111111111111111111,system_account,361,False
130,J9BSq7UVkat4PZmwC19sVEgDsoT4J1GTdsTLoTiG67po,1007111403338,6,7WEAxvYXpvZzn7Cucd3Xr8ayAjVGiS8hWkKBFC9QQLLJ,15586440,11111111111111111111111111111111,system_account,361,False
131,9uepMyGCHjzbJuxxaAHWnTVbmJY46WdPBKkpPEyk8yCD,1000236205351,6,3LZzt4FDutDXCCuZcHGvJxpGAXEx4NfonT5LpLiYfw1a,973935600,11111111111111111111111111111111,system_account,361,False
132,8o3HKmoXVhfPxVJsZQ1HQXqc7nLrzQVVuz1vfsoNtH9B,1000011738116,6,4w9sCAwKZih5feR3KebZR5Fg7S8xhNd8FWtx8QVmAMxm,1000015000,11111111111111111111111111111111,system_account,361,False
133,Bxh8pHAzQ255EG8YnBJsSCS6fdAE3VGQheNHWdC9eSmN,1000000000000,6,Azo3GTXaxvCNmsfJDzXevR68KSfZ36a3WjYAmzrnowPV,92258720,11111111111111111111111111111111,system_account,361,False
134,HFmR2fmTMqx2uMBpp51EP9ZW8RiB9UFZVNW8F7jvho3g,1000000000000,6,3wDgseEhr8TZKfTNSciv4V3frxbTHiz2djCz1PR2d3d2,10000000,11111111111111111111111111111111,system_account,361,False
135,E8CpbZkT4pAGeAxxuutyk5tjbhBdBQtVf4yKDeJXtnpW,999999900000,6,DCseRAjoeQkMxccUKqrBwDkYx7TNKLHcknDDeK4yrhkF,690000000,11111111111111111111111111111111,system_account,361,False
136,6Ea8RM5Jvz3bLRCTjPXSmrsDver8ZqBNWockwP9CkwGX,999999000000,6,AE8fi5EZZwS2Gs1cPkzRgnRiEQtuXoMgrhtYdK86kC9u,100000000,11111111111111111111111111111111,system_account,361,False
137,8buHg9fNQpgYRc2wyxaWrjPswbz9ZnijEVzRnttfJQTn,999000000000,6,HZHKVep4kYjztq7pcSXP3tLG579uAZRSFgStNLBC5Uo4,897970720,11111111111111111111111111111111,system_account,361,False
138,DW4yuyBE1tU9nxoVVSLPzJFqNjUT3vBUeLi2bSyahSJB,968363566485,6,E8SsbFq3kA6k7dZ5p8kquaqLSqacZzJb5M8nLGqPKfAY,21418652120,11111111111111111111111111111111,system_account,361,False
139,4fAAUxCGqsFLiokCWs378BWtvw5hL7kEdzKfqTd9J5qs,966494429693,6,3PenE6SXBsh9ZvzPC9R2uUjXAB8PhRMgx7RJfNma9anZ,2376267085193,11111111111111111111111111111111,system_account,361,False
140,2C36pkCvCrqXD3WJLyrZ34wUHgh5jo7jeuFVsLUBkQjw,960405550000,6,4qmmdWVbsHc2MchdHg6f9oppEwitfJCBEVHsDFkMNFoP,315549360,11111111111111111111111111111111,system_account,361,False
141,ESDXSfcVfDhPFDNqH7qMXVcC5fEiVpcQcqxuNjKYjx9m,960376888820,6,AC5RDfQFmDS1deWZos921JfqscXdByf8BKHs5ACWjtW2,283572168297022,11111111111111111111111111111111,system_account,361,False
142,8tGHJLgxz78hC14iqB1pdLXTa32JDNFfh62pEswD5PLt,960015025091,6,6GAfJwxeq8AC2eDREw6eUAPoXCgu2QnyCREmBqGtpFtp,497955725,11111111111111111111111111111111,system_account,0,False
143,EjnCwDjfNCMViXzcERVUGEKaLVaWaZDde3gG27dA5n9X,947422353578,6,Bzm37ZA8rDv8g46ywsirfRhoL5YKTBeARhNAxv6RU6Nq,314621940227450,11111111111111111111111111111111,system_account,361,False
144,E6tKmx27PbiHeGaiTqYzQ43efM3hdXgjFFx4gin9waTc,943557210000,6,HpQ4yw2Mb311RkyXMh7uP5CPJtpc63W8gamL3nGMcjDp,897840720,11111111111111111111111111111111,system_account,361,False
145,Ga9cDvHubqfeoNdRNRMpmh4JqyifzMo4xbx9KfCGzKaE,939633996586,6,DZiV1HEnLE8hU16Xs1cjThAY2twAke4QSpJpHgNwpd3h,5435760,whirLbMiicVdio4qvUfM5KAg6Ct8VwpYzGff3uctyCc,unclassified,361,False
146,8ywXrCyB2gRVjDPhNvkN5U7wDYab4T6b9t7QwEazLzLv,928511697530,6,8Pi8BoQfQLyEZ9e5u9XzsGZUX1eziUVrYHV275ZAbtkA,318984920,11111111111111111111111111111111,system_account,361,False
147,GFqRuTL8BqS6yx47RGt62KdCteX224WBC8TRP4VjsZyc,912717200554,6,9GgGjGaMnGKqwBSmKToEU5XxBgthJRfdgLBnoWwJFCsS,3183020000,11111111111111111111111111111111,system_account,361,False
148,EyvWDr4KwY3AKkTTYYUfWkBN2GxhVZcJQPLNWV7KBRMg,902747883767,6,2E7vizNQN7hhYVrQ5dKdJuF9y1WEjsbcFtFGkUDr4WC7,141307531169250,11111111111111111111111111111111,system_account,361,False
149,8Mc4qcYv64zKjNgVpvrTzfc98gs7s1fDMdUKzUJd3ZPX,902528467559,6,8oWMNvNrXLuKe8si2Ay5Gi9pcPxbH4emyqzpSdfwtFCq,12133604489243,11111111111111111111111111111111,system_account,361,False
150,3Rru3MfNw4RTBHLUVpAmpreYVVnP68FagwMXagDmhWQZ,898624007701,6,4iKtQCcvqFCB98KGKNewVnPVZywtLa7tcW2s8g8c4MUp,13622744963178,11111111111111111111111111111111,system_account,361,False
151,Fy2qwRLMgx9qMPDW9FuqTPqfK5BZXSKYkTknVfBjLxQj,867453500500,6,32hAGUkgWWf3m8KiNLzmWnb89SCwDdXhtQ7sXzFpScjy,44927360,11111111111111111111111111111111,system_account,0,False
152,Esq3PFQFefZMzSU5z4oJo89bo4axUgu3yvfURRFi3Yet,860389929380,6,ATE59HhPcYgDZ3iV2PCSU1woLMhrLFPCmyDyADfrkWHF,4540009995000,11111111111111111111111111111111,system_account,361,False
153,HtQvt7KPUNStqnrCE2hnksC9qchT2Zd1HdndhqGpk3Qz,858395516400,6,6KddSTgqyeZLoR8riJLBvkbp6oHCA2qJ4ruvHJL1Uwt6,20015000,11111111111111111111111111111111,system_account,361,False
154,613L8VLdQLKirjysGWM15La7LKjJ539t8JDbXjq6JQrW,850082000000,6,CrxNyPzzeZkrzt2Ty8xPiQSSpxPHvhcechyAvCx9fEY7,5441879280,11111111111111111111111111111111,system_account,361,False
155,FZnhkDzQeNPZb4VADuucxymVARRRWKxNDh4FsNSSSwAP,848854622989,6,AhFjTUE2DgNFnAfRtFLUmLTLYyhxzz7j1cvKbvP18tg9,647289974000,11111111111111111111111111111111,system_account,0,False
156,7k13BaePkAmrGrnbRKJKKr8ycgS9yW3rCsJdmE5e17Qf,820134743465,6,HddE6JoiAT8Vh5hPHab3JAh98Aq8vnT8Bubw61p99URW,324665397,11111111111111111111111111111111,system_account,361,False
157,DP1Kwm8iJR43mYSDfUo7rMsPsNcmWaykPN6gappMAD8T,805045389483,6,EBLRGutEDcPGE2Rm5mnfUHBbSm5H6NXdatSvqSiqVvay,283267201946118,11111111111111111111111111111111,system_account,361,False
158,BUqntGeCdi8CbiU3dBcGifb1cTcBJyzSRR4CHazNeEp9,801520267813,6,5R25Aceoe5Nayj3JZmtRgq7ocr5eLvqsYubQSzv44vcA,62065675,11111111111111111111111111111111,system_account,361,False
159,5S46vKcXzEASRPmH9RXUvRmXmXmE77TtcMp6ohRC43eb,797422887863,6,4z54m2frEMMoMzcRvEbXrjyHwaP9mqrrbw1TWDF6cacf,9066658993,11111111111111111111111111111111,system_account,361,False
160,VXWHEovkuENnpZpe73zUwvgYHC86FqhvWQ3aBLBYhaN,791203988715,6,3B7qBsvRKL7EXjCAZKc4gGryxfm3nirUbzA2bhaR7kbs,2681279524,11111111111111111111111111111111,system_account,361,False
161,CVvVCpb8nv5K7bc4BJ9UCwS8DY8GbYWfccJWDCU2eQ9R,780000000000,6,JDrVZLgHdKhDZCY5BkJUzjyvWcqt8YrZB9AZcDKRKkqT,5005000,11111111111111111111111111111111,system_account,361,False
162,HngneqSxV59Zjq5rp1ZGLPYUcFX7k9s7LV8kbFe5z34b,775232500000,6,9UzvYgLDVZUQb4MuyVoXd9y1soYiRVkqsRFwXnrRz8Vi,153055720,11111111111111111111111111111111,system_account,361,False
163,GHQjuFa7XY4GXPYHZ1cWtkqcCqxMQ6eNt4op7dhaVnSd,774678832843,6,Fvtf8VCjnkqbETA6KtyHYqHm26ut6w184Jqm4MQjPvv7,5435760,whirLbMiicVdio4qvUfM5KAg6Ct8VwpYzGff3uctyCc,unclassified,361,False
164,2qxKVdPVcQejhq1CTVEtUyPPWBBSoCyAxwfocmXQJBmq,751097799479,6,EVDMxYEWokGgsTwsjndMgb3WkDufQC6Peh41JsCD3C4w,10146422730031,11111111111111111111111111111111,system_account,361,False
165,4ct2ZgujsPTTeZT2fggXbaUbLTE7LmHTfFR1YMA2jPZe,750357973925,6,AXNuWGmMfqjFDcWUNQSebcEP3KwpekZZoc9ASTvgtuX4,848545318,11111111111111111111111111111111,system_account,361,False
166,HgZzDD5ViNGXhhdeTepDCa9cn1habzbN4rfV7ZsY65q8,744676535793,6,3uTzTX5GBSfbW7eM9R9k95H7Txe32Qw3Z25MtyD2dzwC,4591952240,HvwYjjzPbXWpykgVZhqvvfeeaSraQVnTiQibofaFw9M7,unclassified,361,False
167,EZHGE1woD8tzJVJWTLyGWtiYUgfuo6mLgyrfk8JBNTQo,744129236187,6,ApnByCqYxpAgxQy3mW1JQMJC4patUpXD4VgTBqzPnKoC,224479176,11111111111111111111111111111111,system_account,361,False
168,GnQnnVWPrXhcbJhYVBCwGw5mrjDGtxosZu51BXCPoGno,736734282124,6,9LPPwGD8z87fD6BaY5CJ5CPkcAvJ5s6p9nw55ErPCkBb,13863195658103,11111111111111111111111111111111,system_account,361,False
169,J38AsFAifV3tZonHJPZmjLEqVhjCRMfHowCqL12e49ea,728756967528,6,7Ne6h2w3LpTNTa7CNYcUs7UkjeJT3oW7jcrXWfVScTXW,209494,11111111111111111111111111111111,system_account,374,False
170,86UJXhUBSZzjhKU1oELihdAHDL4JuoKnHaFwLm3gk8ye,723409185783,6,DVbugxQrvNVP3XGCa3yBfd63Ybghkhu94hFHa3VVDyPJ,10327434236,11111111111111111111111111111111,system_account,361,False
171,2hk8Jj8pe4aHn5ojsf1pHEAUp4VcLLT8iqMeUwTwV38x,717886000000,6,HavmLkJNMy7dqnvjbEsMxxjZY2AXEBbQUGdPRs51tugu,207990000,11111111111111111111111111111111,system_account,361,False
172,2ndV9bPWJM7mqYh9xshpeiFbb8Lpny4CVFMrtQTT6XBf,713750000000,6,2e1GHsqbUt32vuSQ385X9JYP8vZYxtPbHhArbWQ8CmtA,8960891419620,11111111111111111111111111111111,system_account,361,False
173,281rFGNQGnPQehQchUH92BANNJmqBEJ36Q8BB544nkh1,700366799195,6,54aU64L8cyqcZpPhGsSsgtQGinH2sF4sTmFpoMmL9t2f,30000015000,11111111111111111111111111111111,system_account,361,False
174,9HDV3Dszmd727AZt5hezsXch9UVmCUy56hcyo4REdoyb,698788323907,6,3uTzTX5GBSfbW7eM9R9k95H7Txe32Qw3Z25MtyD2dzwC,4591952240,HvwYjjzPbXWpykgVZhqvvfeeaSraQVnTiQibofaFw9M7,unclassified,361,False
175,FFkSp6Fg3Q382bQ4b7F8jiVLPp1sU4d6MYCHw4CqwvQc,690385581279,6,5YXCR5zWX8Ew1uPQoa2Gr22pm1MvHViQvNerqSBwyw4U,2817840057035,11111111111111111111111111111111,system_account,361,False
176,EfNdRWbRU6NpNd3KZq85PDsdTdsp1SBiG1S6Pebo9yA2,682237630099,6,CyDnoEMVuf21v23bxoS2wXxPdCvRR2yFLfymegMH1WY4,772925440,11111111111111111111111111111111,system_account,361,False
177,FR3dPGmyvZUgqRvnXBTX8FLxzv9DTvUBpooCMeZHFbAD,681240100000,6,FmR7m44xpV92dKsAnCk9iVA6RwHSFfqLJYaQk54xrehn,43777160,11111111111111111111111111111111,system_account,361,False
178,CNhZAJizC9CRQfsxLULXnnSHk3oTAEALCREqdRgdye2b,677405840334,6,DrhE25wu3PRGtBCtzsry6ToiGjhwBzCnYGpvv53qxh9X,9990000,11111111111111111111111111111111,system_account,361,False
179,6UczejMUv1tzdvUzKpULKHxrK9sqLm8edR1v9jinVWm9,674045644728,6,3fr1AhdiAmWLeNrS24CMoAu9pPgbzVhwLtJ6QUPmw2ob,6137840,11111111111111111111111111111111,system_account,361,False
180,Fjv8NzsuVTaKo5WJnLHMsuhWF7EVj1Lj4NDrMLomwRYT,662372719301,6,ABUf7Vf5MN84SbCKYpRmKZ43wgw3j9H4wzKy9FzmEa2g,580000000,11111111111111111111111111111111,system_account,0,False
181,8GMuTdAxSKCGuN8TGqyxK7NSRj4LtMgpeY87pQkgL5wk,650317032549,6,DVUm8qFo9wWDFcCZDWABZ7FzdF4ctymSdrhXTDsaw9hh,334571858369,11111111111111111111111111111111,system_account,361,False
182,5SNVbfLamJnZBpuHMGFChX7U7NtPFPycrXP8hVLhkevt,644529000000,6,Gy1WeRCvVon4Zq2SxEjPV95zismYmjo88Z9mkyqQcPnh,9995000,11111111111111111111111111111111,system_account,361,False
183,5aAW2RdZJ6DYjH4Ri8e4Fjxk6WZ8LzfJFp9sqxuazbz7,625164291550,6,9MHYnWFgHHs2hDXcRbgpKRCEnKD8YoS2exnAVYRjg7Uc,55000000000,11111111111111111111111111111111,system_account,0,False
184,C4kJSQqf9bidbQQZFdsCKVDfgpyWZaLL4EU4wwZ19BXd,623166713056,6,3uTzTX5GBSfbW7eM9R9k95H7Txe32Qw3Z25MtyD2dzwC,4591952240,HvwYjjzPbXWpykgVZhqvvfeeaSraQVnTiQibofaFw9M7,unclassified,361,False
185,AytCKpRYHvp6PW5SdwySzGsNCzHWRrT6sMfvb2xNJC1t,619586819560,6,67ncZxq5kJcjf1mUCugVP474KyYdHwj2AmBstnRPoRw3,1000000,11111111111111111111111111111111,system_account,361,False
186,3y1HfHoqbEsTthZKvBb5tJx8kjSN9FcMuzn3zuaFZD5s,612784570000,6,7Z2j27gzfhVgGgbsBsgAEWmComycGJn8uwsZQsHY5W2n,100020000,11111111111111111111111111111111,system_account,361,False
187,6q5ZZQaPTrVKicmjouuDtS7yCBWNCtsZ8SvSTaeQfoXe,611105842754,6,wJCUyF6zmZRssChPEH2N8dJBZ8bXQVMYZ4o1MGbne8X,790884552,11111111111111111111111111111111,system_account,361,False
188,6TAKHyFLWD8YaVgakU5prXcT9BUFF5H7qYQFVuVQTrHc,609076268575,6,G9DcT8YTw4L9AAjUUpfPeVYGWiEf5MQskpC6q1zLdy2m,57876524600,11111111111111111111111111111111,system_account,361,False
189,4UCg8GpSEtUSCLZWM5xthXMLyevVWbGoihsBEJJ1dfa7,603845903663,6,Ff16RQzJGqLbECAWbfwsRrPZvrLAeKMHqA8aNvFeu6Mh,1999923922937,11111111111111111111111111111111,system_account,361,False
190,6Udf3UNgUhBN29c1yWfgrucGp6dUB4Twf5E5MQoB9Rgv,602505135801,6,GfDSEHU6kxgMj5RGWzHJHfS3mZ4k1yqUoGcDYbDuMjSJ,593902785,11111111111111111111111111111111,system_account,361,False
191,6hAYXWywA78rNCnMTVCFahQSR56tjp5rFgi8aayPLH7U,600000010000,6,7N99e2KMZpeJ2UtX84HTcWgEx3NvPhLd23Mzt4CSEcFK,1178209995000,11111111111111111111111111111111,system_account,361,False
192,BecA3RkFcJ8R7C6DKAZK6Uj1fqRX5gtgy27K518rBDqA,599512104901,6,7wNZy4MqtMkCnzPaajf3CjwPCsn3p8kkghEepc1M31Qq,481541443758,11111111111111111111111111111111,system_account,361,False
193,4dFPxLXiP2wtwJ8uSgSS3cFnbu4AKZXfKCGayco7vwyr,596151148000,6,HMb7zKGU84QKo31GnCGrtXfMCQL35ye1MH8XNM43kyQz,259706229232,11111111111111111111111111111111,system_account,361,False
194,9VEbrfajRanMXoR1ubQiuR1ni9cNWx4QcGv3WgUUikgu,595930559653,6,65u1A86RC2U6whcHeD2mRG1tXCSmH2GsiktmEFQmzZgq,71735840,GqTPL6qRf5aUuqscLh8Rg2HTxPUXfhhAXDptTLhp1t2J,unclassified,361,False
195,CcRYvg1MQ2N4j6baQGxJHhFnV8nPPmojTyJb5GHNYqZQ,592059672648,6,7uQyVyeg1NrPDJUwdWdZCqsfhnLWfY2MPRhKfJGhX2DT,9410950205,11111111111111111111111111111111,system_account,361,False
196,HftKFJJcUTu6xYcS75cDkm3y8HEkGgutcbGsdREDWdMr,588556846598,6,5Q544fKrFoe6tsEbD7S8EmxGTJYAKtTVhAW5Q5pge4j1,63947944,11111111111111111111111111111111,system_account,361,False
197,ARYDwHmBty3YDUUUe981CobvCoTyzXMaSXareWhjQcm5,588049554685,6,8DUUAA66LqF5CTaYeS96Cef4aBNsWm8AJ86ykj2nv1nr,98336646,11111111111111111111111111111111,system_account,361,False
198,3evv1SEoCQ8Dr1oMcTpjiWbuuHg9bW47wG4G6fyUAxbQ,586885295358,6,2m6iwYTWahZLuvTaN7qXQkB5bHLUkx1QbkaK3n5te17S,15654003,11111111111111111111111111111111,system_account,361,False
199,HyjoapnssdZMycu2i58WadRLdMUkB69aTy282p4tApkR,580001000000,6,BSEaLuuMEUREWszjyJqvPLLU8tazBjYKDhsq6E5XCx6L,890880,11111111111111111111111111111111,system_account,361,False
200,5bKWWpGTSdq6zWtQT8M54YfEXDss5G7DgA6uFgdY7LG6,578953510364,6,4C97oko4DKKafNJkWWZrFiYRrpSAyG89CjiMHu61fDFq,7955720,11111111111111111111111111111111,system_account,361,False
201,AYDF5U3UVDxytQ7thBQTgGj1d4TA1Y5hgkh4GQjCjd5p,575961840279,6,J9xZUQYz7bcU2nT89V1jJiotc6ghN8xfKhVsSJZC6ccw,31334244068,11111111111111111111111111111111,system_account,361,False
202,DhopTB2vUwQwvYikFnQ3xZW5t3ixq3iedQCb6ShYpZew,573926475512,6,3DkYJrvEMjuN3foz1YGy4hVrwwNuhwhN6HSzk4TrXRni,9995000,11111111111111111111111111111111,system_account,361,False
203,cD9YmjMnhUSAiC6jRLs6ZsVdPT6DmE2jd7sKPxiKmdd,569372046878,6,5woKQ1SdYsUo3ehVYuYBcAuT4GYSgabBS39ZVMWgjHAZ,20903084529,11111111111111111111111111111111,system_account,361,False
204,YvD7GBtJnzxWrcJi7TyeSVVfPEaED14QHQHmXEK6iTp,565775000000,6,3TLnqAEkwe1v3EpbnuxGw4nTbURNdTdrEUXMGS5wApN1,105106910,11111111111111111111111111111111,system_account,361,False
205,2uzaQ6wCm39cMn648DbJefRedNhKgVVghq47ErxZ7igU,561681366985,6,533MVvF73hiCEL7AmvmZAC2m8TtKrSeRXoimLpsE3fjn,300000000,11111111111111111111111111111111,system_account,0,False
206,37KuErcRMPgFMbM8UXvqWy8grBu1GwLSEUSNDAcURwVz,560978766300,6,8kcCLFGh7Cin9BozFDYAXEN81F5aGGEDd6ieyvxMokWS,261131560,11111111111111111111111111111111,system_account,361,False
207,4mFmWQH3tHmnLekVDke4TKv1Y4Gye9QfaiG1Ge5i3dGy,559341798380,6,Div5WiVX5aCwQuquxnemHY92gWetrYJADoUVCoEsaizr,659058555173,11111111111111111111111111111111,system_account,361,False
208,GiHjSS9xwzC1swDLe4pMUud9F7t4Pu1jfp6YvbW9gnRZ,552657792934,6,6a6PtW4UviJh46rWprACw5p6hDfTRXnt8MnS3XfKoYfk,5266960,TAPfz9p6pRpeWPqBvZVB58sRqcvX4j6SteZNmyKgV2s,unclassified,361,False
209,4pcJV1U3RVkrTSVfqvcFHMesYXgbsUBjxJgBNk5MiuAj,548653928776,6,GjKxauMroc9MT27xXYyjLYNfy9nSS5EuHTmzhdkjCAR1,4210790505,11111111111111111111111111111111,system_account,361,False
210,28vzLpwoKCaLk7uxZGaf4VWvAxeCLnzXCxMpBN1Miw6f,547417610000,6,61W8JF46DzuwcEACGnkMD87ywWABBbjBDBzbgzAtUbRp,10015000,11111111111111111111111111111111,system_account,361,False
211,EyMeBsbCtdSLyRew8TUDstkEt1VxYGuyki2WwWFnEqMx,545320455948,6,4hPnA1VFtiNRiAhCntZdM6iosoowV2FWqSz1r1te1he4,5021209032508,11111111111111111111111111111111,system_account,361,False
212,BDkg3bj8HhA9PHJzR8GEus5YHDP9jjuFQqeTHMY3v4CZ,540673563274,6,6td5NGyqQAtT7QNqgC9fjuTFnXQCuyBh1ZNBr6W4UsXh,1477900910880,11111111111111111111111111111111,system_account,361,False
213,7VXaAD6B49GXZmoP4S7832rzhyGNy3MKTfgycp5Sk5Dy,529699202368,6,DyyJ9jNRM6US9DocYKeuwLrG73JkaPr2kHSijBBrKVcR,9991508571,11111111111111111111111111111111,system_account,361,False
214,AVUdewxtT3ceSYqSqgBUksL7sStf5XZi7zpCSS3ifD6o,527128742049,6,amanYzqBGfWBx1LffSKeFRqtoavRrECc97P8VibF1fW,4000029557091,11111111111111111111111111111111,system_account,361,False
215,gHkCy3ag5zcPEzFcdws45xSGxDomkbE2ki1LEeFgEdG,526980080040,6,8wJXyDKZF9b9wPMNT5MERAhtv45oi3HktA5v2KTqNqVS,987604320,11111111111111111111111111111111,system_account,361,False
216,EDrvrBLcdV5XLBXgMEM9eVBwL6zGRazSoV8gEDRZkM4x,523268378269,6,3uTzTX5GBSfbW7eM9R9k95H7Txe32Qw3Z25MtyD2dzwC,4591952240,HvwYjjzPbXWpykgVZhqvvfeeaSraQVnTiQibofaFw9M7,unclassified,361,False
217,4mpTmGAS28BqKG9DKyFA2hQCXtH3xM9K7GnxqjCNPy6u,521757174622,6,3DRJF8YXu1CoQfNBfqr5a44ifABa8Xy9ephNietbfZ1u,9002019280,11111111111111111111111111111111,system_account,361,False
218,6KR4qkJN91LGko2gdizheri8LMtCwsJrhtsQt6QPwCi5,517418547671,6,5Q544fKrFoe6tsEbD7S8EmxGTJYAKtTVhAW5Q5pge4j1,63947944,11111111111111111111111111111111,system_account,361,False
219,3TNER9LL6SYjAkpJoLpKaApgRP76Dnm4xhj5SwfxXQ9m,516790162815,6,HqKCqwpt7H6aEusM32ceYYYy9o91Mrp2fRaEZg8eLfFp,309766695685,11111111111111111111111111111111,system_account,361,False
220,2i4Dew7vLcTPDHTQF3Wska1CrsWaqNj99xuDvxJVvM8x,514052078938,6,GLNvG5Ly4cK512oQeJqnwLftwfoPZ4skyDwZWzxorYQ9,5435760,whirLbMiicVdio4qvUfM5KAg6Ct8VwpYzGff3uctyCc,unclassified,361,False
221,7trUazwdMd6NQtzcBzEbKZbU2YW7D8sEDZTb8roPLHXm,513113123047,6,EDEG8c7wqLkyvGVLzHmckZcUFUjxkcHCUvGo58CzH6QR,4517482789,11111111111111111111111111111111,system_account,361,False
222,5xR14K7Wn1ABG3HyNCboR8VVwVAk9Rj2uShVVnCwFiNd,512173786419,6,5Q544fKrFoe6tsEbD7S8EmxGTJYAKtTVhAW5Q5pge4j1,63947944,11111111111111111111111111111111,system_account,361,False
223,F5WRTHiY8Rtf11jQLLqAmn3Xwrb13QcByJW1RUeY5bE2,510057377745,6,2HoR7ypnSEesM6UPDPjxsDrzneqB7GGLC4VYVoXiPzYi,1207872240,11111111111111111111111111111111,system_account,361,False
224,FFkrt8EdAzDHvQFNDBTFEVkFTEs6p1H8oiNmK7DqyhGj,508136986301,6,GsV9AAvnocKRcfmgDqATkJ4EdNNoU5fxgcDF3chaypAi,14727687920,11111111111111111111111111111111,system_account,361,False
225,C2YyyaUs3hZo4UWWYHjtVGSRqiXed6CHdqNboNFW8K3t,505139390839,6,7RbYPgGCRMCSMrbB6xkinr28ZgRw7Y2MkWbH5bxpLBNn,3853317928,11111111111111111111111111111111,system_account,361,False
226,EQJk8kMhXKTXZD5ZGQpYTEA7hM3cRfajb7BVmPASRKSc,504090256198,6,52uFkWm65aFweoQZg6s7E6zzYTf2k2ncJakexnYLEmqg,6042531120,11111111111111111111111111111111,system_account,361,False
227,C7B6JNMqpQu7Z1bRtNot6xgQpK3dYnz5tMTMLVLquL4X,503896264888,6,DKwBiSyzdgmX3uckmo7qd6RAYBC7piCfE66h3VEP9nnw,999995000,11111111111111111111111111111111,system_account,361,False
228,4mRUFywP7LBCy78cE7vJN2gE6ys15N3uVZqiNrTsiBHn,503835337856,6,9KnhH6hE3dpFcX8Q1MhpUGi8tG5ycgbRmHgv2yNZ3p1j,4776140369,11111111111111111111111111111111,system_account,361,False
229,AjLHB7J3wZQVUGwDUSdMyzWBFymXY49sqi4CVwVeGAGF,503722835121,6,BX5FQZ2JNH5wTyHN1fyNgfui6Jy9Q4zBQqrqFpab3L5N,737623600,11111111111111111111111111111111,system_account,361,False
230,4qfzdS3NSRjS1kmWiVgb3v8mWovGFht3UJLDGR73fhMB,503190611093,6,3uTzTX5GBSfbW7eM9R9k95H7Txe32Qw3Z25MtyD2dzwC,4591952240,HvwYjjzPbXWpykgVZhqvvfeeaSraQVnTiQibofaFw9M7,unclassified,361,False
231,2EiZbysJfeJVWHL6uTGgJrRnMEkHfugEWLhJuD8AYj8L,502540238142,6,BVykpLYZy9GigxJBEgMQ5ZeXciEEu793EvieBXCYV9sE,200316675,11111111111111111111111111111111,system_account,361,False
232,GG5iExnTbUG2GisexjFzvLTqiV8j6FcNqWBbw7xoU5Nj,500779580314,6,GG5iExnTbUG2GisexjFzvLTqiV8j6FcNqWBbw7xoU5Nj,2059280,TokenkegQfeZyiNwAJbNbGKPFXCWuBvf9Ss623VQ5DA,token_account,361,False
233,3JwNrw2gxchw93oAXQ3ihqR6jbD1y1sZiwwavpo4kZxe,500045330986,6,CDUjN2krLREm7y2XBLz8m9EA1w1BAx3wGU2CSSfbVjZg,226062440,11111111111111111111111111111111,system_account,361,False
234,BNei4tKqje59soG6hdCFV7wuZb1EgJX8UH7XH8TNdtg8,500010000000,6,6tJV8hXxevhExd3iKQjQYGTK5roKbwrXMbHj6AXCMAzD,1000000000,11111111111111111111111111111111,system_account,361,False
235,8rnRA6PzUJqMamhNEDjLL6QRFdMiUX9oGmqaFuN1y3L6,500010000000,6,BJHJR3gyYFAtJAJzHGoqNqZwWDtNQKJDVQhTjJfvCEty,1000020000,11111111111111111111111111111111,system_account,361,False
236,6nwmNZVEpWM3zSPWGsZopzWeEtbsVEvkiUWPLc7GLm2C,500000091858,6,DNXRj1dF4aB38jKoFxSHSXnFzzGdVaJQqEAJcp9bAcLe,50839584,11111111111111111111111111111111,system_account,361,False
237,Ccoti8XJ6mfBWuysgtAETWXZ8MiVxPeVXdt54NHMDSoT,500000000000,6,ARkvR47BS5ctE37bXVFyup2mjnKPaEkjrCUp2Nj357K6,1296501110,11111111111111111111111111111111,system_account,361,False
238,BYTo4tZwHjy3jm24h3ngigMLG251ghyg1t3khqp18jpw,500000000000,6,NcvEcekh1zqzw1wxDbjnf3HmSvU8th32Hm6MC9Anzgo,1000000,11111111111111111111111111111111,system_account,361,False
239,8XzWnrdu4w8Zuac6eyjAPbwphDSg8YBC8c3uCH3epZvQ,498953484199,6,BFUV4v6tWD5RbaA36D9fJPXfhNiNAda3GLdBGVf2vTsG,37524010,11111111111111111111111111111111,system_account,361,False
